#;Nome completo;CPF:;RG:;Estado Civil:;Agora, nos conte como quer seu nome no crachá?;{{field:86f9256513e5d6db}}, qual é o dia do seu aniversário?;Deixe aqui seu email principal;Endereço residencial completo: ;Cidade e Estado ;WhatsApp;Qual o nome da sua empresa atual?;Qual o seu cargo atual?;Qual o segmento de atuação da empresa?;Descreva as dores, dificuldades e necessidades da sua empresa ou negócios em que atua.;Qual a faixa de funcionários da empresa em que você atua;Qual a faixa de faturamento anual da empresa em que atua?;Deixe aqui o seu LinkedIn:;Emissão de nota fiscal.;CNPJ:;O que você busca aprender durante a Jornada Equity?;Eu {{field:d87fbefae2f251a5}} AUTORIZO o uso de minha imagem e voz em todo e qualquer material entre imagens de vídeo, fotos e documentos, para ser utilizada nas peças de comunicação a serem veiculadas nos canais do CRM THE NEW EDUCATION LTDA como forma de divulgação do evento denominado JORNADA EQUITY, nos termos da LEI Nº 9.610, de 19 de fevereiro de 1998.;Response Type;Start Date (UTC);Stage Date (UTC);Submit Date (UTC);Network ID;Tags;qualidade_lead
h6ir6usdp1gu813p36lh6ir6usrrbvl0;Victor Dias Abras;12478168693;Mg-17097938;Solteiro;Victor Abras;10/10/2004;victordabrass@gmail.com;Rua Palermo 1390, CEP 31340560;Belo Horizonte, Minas Gerais;'+5531986848228;GVR2 Capital Group;Socio;Investimento em em empresas early stage;Conhecimento para analisar empresas;01 - 50;0 a 100 mil;Victor Abras;Pessoa Física;;Os passos para avaliar uma empresa em early stage para investir na mesma;0;completed;2023-11-07 21:57:13;;2023-11-07 22:04:32;139319598c;;Médio
42o4pqdxjcaivnqst04ozhg42o4pqdxs;Antonio de Brito Pacheco e Silva;38999399800;362108006;Solteiro;Antonio Brito;09/08/1993;britoantoniops@gmail.com;Rua Mariana Correia, 511 - Jardim Paulistano Cep: 01444-000;São Paulo - SP;'+5511975689421;Balmo;Founder;Cosméticos;Demonstrar de maneira educativa como a cultura do dendê pode ser benéfica para o meio ambiente e para agricultores familiares da região amazônica.;01 - 50;0 a 100 mil;https://www.linkedin.com/in/antonio-de-brito-pacheco-e-silva-009b5999/;Pessoa Jurídica;49183673000113;Busco aprender formas de escalar minha startup e a identificar boas oportunidades de investimento.;1;completed;2023-11-07 19:11:52;;2023-11-07 19:15:34;e436dbff9a;;Alto
55t6on3fqttmby07w55t6onfgh86l5rv;EVERSON OLIVEIRA LIMA;25278066865;25755550X;CASADO;EVERSON LIMA;23111975;everson@easycourse.com.br;Rua Professora Brasília Indiani 155, 12041-024;TAUBATÉ;'+5512982683816;Easy Course;CEO;Mobilidade e transporte;Escala e expansão;01 - 50;100 mil a 1 milhão;https://www.linkedin.com/in/everson-lima?utm_source=share&utm_campaign=share_via&utm_content=profile&utm_medium=ios_app;;;Revisitar e conhecer a fundo conceitos, processos, mecanismos e tudo que envolve essa jornada.;1;completed;2023-11-06 21:36:22;;2023-11-06 21:41:39;423c2824fb;;Baixo
b9jbxz0op7hl2q5seithb9jbxzz88tn6;ALEXANDRE ANDRADE EVANGELISTA;64189678287;13225480;CASADO;ALEXANDRE EVANGELISTA;20/09/1979;alexandre@ardoconstrutora.com.br;Av. Theomario Pinto da Costa, 450 Res. Renascense casa 294 MANAUS -AM 69050-055;MANAUS-AMAZONAS;'+5592992063231;Ardo Construtora e Pavimentaçao Ltda;CEO;INFRA-ESTRUTURA;Crescimento Orgânico;101 - 500;Acima de 50 milhões.;https://www.linkedin.com/in/alexandre-evangelista-ardo/;Pessoa Jurídica;07354898/0001-45;Aprofundar o conhecimento em EQUITY;1;completed;2023-11-06 20:32:32;;2023-11-06 20:41:29;21564bebd3;;Médio
h3m6qx14ebjdgch3m6q4fjgg5efx6g0a;Nathalia Del Solar Lopes;425922028-46;38788634-5;Solteira;Nath Del Solar;03/10/1993;nathalia_delsolar@hotmail.com;Rua Atucuri, 272;São Paulo SP;'+5511967885880;Grupo outlet;Marketing e gestão de tráfego;Vestuário Varejo;Dificuldade na gestão de pessoas em qualificas-las impedindo assim o crescimento da empresa;01 - 50;10 milhões a 50 milhões;Não tenho;;;Aprender todos os processos do equity para aplicar na minha empresa;1;completed;2023-11-06 18:44:18;;2023-11-06 18:55:56;723b725a37;;Alto
4rqxkspsbriaww3vqaumagtm4rqxksp8;Alex Botta;062.342.019-89;5.540.602;Solteiro;Alex Botta;04/09/1998;alex@botta.com.br;"Marechal Deodoro, 360 
Apto 101";Xanxerê/Sc;'+5549984063860;HILÊ Ind. De Alimentos;Diretor Comercial;Indústria de Alimentos;Mão de obra de liderança para setores chaves da indústria.;101 - 500;Acima de 50 milhões.;Alex Botta;Pessoa Jurídica;76.343.151.0001-04;Como avaliar uma indústria;1;completed;2023-11-06 18:27:18;;2023-11-06 18:56:05;17debb4c43;;Médio
u6t86g7mhr5vqzoiridmyyhu6t86rqqc;José Nestor Girardi Neto;40914248804;49317431x;Solteiro;Nestor Girardi;13/03/1993;nestor@italinhouse.com;Rua 18, 235 apto 14 - centro Barretos SP 14780-060;Barretos SP;'+5519992914484;Italin House;CEO;Fast Food;Expansão Internacional;01 - 50;10 milhões a 50 milhões;Nestor Girardi;Pessoa Jurídica;51041005000101;Network;1;completed;2023-11-06 17:22:47;;2023-11-06 17:25:23;958734686f;;Baixo
7osn46ippgaa0ag0533y4u7osn46c3hl;Fabio Resende Batista;00878465197;4625951-2;Solteiro;Fabio Batista;24/07/1984;fabiogyn10@hotmail.com;15905 Freemanville Rd, Milton Ga 30004;GA;'+14708892511;BF Stone Work & Pool Plastering, steak up , BF pools,Fazendas grupo BF, Batista Homes;Empresário;Construção, agropecuária, alimentação, Servicos,etc;Falta de mão de obra em geral;51 - 100;Acima de 50 milhões.;Não uso;Pessoa Física;;Investir;1;completed;2023-11-04 14:57:24;;2023-11-04 15:05:02;c14b8753c8;;Alto
vzrh0l8zna137zropvzrhi8cvn8mov7q;Taffarel Italo Souza Gadelha;10223361429;8840317;Casado;Taffarel Gadelha;22051994;taffarel@dulino.com.br;52020095, Rua Santo Elias, Espinheiro, 420, Apt 302, Recife/PE;Recife, Pernambuco;'+5581982122224;DULINO;COO;Educação;Escalonar e Reter talentos;01 - 50;10 milhões a 50 milhões;https://www.linkedin.com/in/taffarel-gadelha-90b37193?utm_source=share&utm_campaign=share_via&utm_content=profile&utm_medium=ios_app;Pessoa Jurídica;24375181000107;Stock options e suas aplicações, valuation e análise de mercado .;1;completed;2023-11-04 13:59:40;;2023-11-04 14:23:18;68ea4f519c;;Médio
n9zichwv2ynjl3m2axn9zich0chmkvy4;Felipe Fontes;06531079606;mg12929899;Solteiro;Felipe Fontes;10/12/1984;felipeflat@gmail.com;Al Dino Bueno, 663 ap152 cep 01217-000;Sao Paulo - SP;'+5531988725978;Ital'in House;Founder e VP;Franquias de alimentação;Expansão internacional;01 - 50;10 milhões a 50 milhões;ofelipefontes;Pessoa Jurídica;;Como manter o crescimento exponencial num patamar de faturamento já relevante;1;completed;2023-11-03 21:53:37;;2023-11-03 21:57:30;562a2a3e87;;Médio
0jzzp38ikejy6v4rlps0jzzp3r10ixmx;Higor Correa Gimenes;28461543840;288624610;casado;Higor;28/09/1979;higorcg@hotmail.com;Rua Dr. Mario Natividade, 936 Torre 2 APT 222 Taquaral, Campinas, SP. CEP: 13076112;Campinas / SP;'+5519992568113;Texanbrand;CEO;Marketing Digital;preciso escalar, e trazer novos clientes;51 - 100;100 mil a 1 milhão;https://www.linkedin.com/in/higor-gimenes-25713959/;Pessoa Jurídica;48.409.058/0001-10;busco networking e fazer com que minhas empresas escalem da maneira correta, pois atualmente tenho 6 empresas;1;completed;2023-11-03 16:53:13;;2023-11-03 17:00:53;0017ae6b75;;Alto
p9nibw02p5rav10atsp9nibje3k0qxgt;Mauro DPaschoal;21330995813;29272276X;Casado;Mauro Paschoal;14/02/1978;thelosrestaurante@gmail.com;Rua Dr Soares Hungria, 376 Restaurante CEP 18520-111;Cerquilho - SP;'+5515981270288;Thelos Tasty Food Restaurante;Proprietário;Alimentação;"Lidar com as muitas variáveis no processo de produção; Atingir uma margem de lucro viável, uma vez que o valor final tem limitações impostas pela realidade do consumidor e o custo de todo o processo é muito grande.";01 - 50;10 milhões a 50 milhões;não tenho;Pessoa Física;;Empreender com mais facilidade;1;completed;2023-11-01 21:17:24;;2023-11-01 21:29:27;9ee1ab0423;;Médio
pvakiiblfzmx8rwtpv030dk8cr83rbc1;Menndel Macedo;02846452148;2489004;Casado;Menndel;20/02/1988;menndel@taktech.com.br;SCES Trecho 4, Lote 5, Conjunto 7, Condomínio Brisas do Lago, - Unidade A002s1, Asa Sul, Brasília – DF. CEP: 70.200-004;Brasília DF;'+5561996496252;Tak;CEO;Tecnologia fiscal;Vendas, execução e concretização de projetos;01 - 50;100 mil a 1 milhão;www.linkedin.com/in/menndel;;;Profissionalizar todos os processos;1;completed;2023-10-31 22:17:25;;2023-10-31 22:25:34;4ac115f037;;Alto
iltlzwaiahwxkafkiltlrxngd2a68isr;FELIPE BERNARDI;21581925859;33002195-3;CASADO;FELIPE BERNARDI;17061981;felipe@bernardiesantaniel.com.br;Av. Com. Hermes Traldi, 1, apto 144, Ed 1, Jundiaí-SP;Jundiaí-SP;'+5511959937098;Bernardi & Santaniel Advogados;Advogado;Jurídico;Atuo na parte consultiva e contenciosa de meus clientes, incluindo questões societárias.;01 - 50;100 mil a 1 milhão;Felipe Bernardi;;;Estratégias de Negócios;0;completed;2023-10-31 21:15:35;;2023-10-31 21:21:16;6ce9df35fc;;Médio
ui2qnm7sxmup54vhlui2q38yhgs7842n;Guilherme Alvarenga;13035497605;19765764;Solteiro;Guilherme Alvarenga;20/08/2002;grg.alvarenga@gmail.com;Rua Desembargador Jorge Fontana 250/604 bloco 1;Belo Horizonte Mg;'+5531998993377;Saga Business Gaming;Sócio;Investimentos;Investimentos em novos negócios;51 - 100;Acima de 50 milhões.;https://www.linkedin.com/in/guilherme-alvarenga-7b738b238?utm_source=share&utm_campaign=share_via&utm_content=profile&utm_medium=ios_app;Pessoa Física;;Oportunidades para encontrar novas empresas, networking e analises;0;completed;2023-10-30 17:38:27;;2023-10-30 17:40:35;88f38577d9;;Médio
1x9mxnvgppmde1x9ygmqf3rwjegbosnk;Luciano Verdi;52619990068;7030893842;Solteiro;Verdi;09051974;l.verdi@florensegoias.com.br;Rua Mário Bitar, 34 edf Maison ap2601A \| setor marista \| Goiânia -Go 74.150-260;Goiania - Go;'+5562999547108;Florense;Diretor;Móveis Planejados;Alto nível de competidores com melhor custo benefício e tributação;01 - 50;acima de 10 Milhões;Nao utilizo;Pessoa Física;;Vislumbrar um novo olhar para o negócio;1;completed;2023-10-27 18:38:34;;2023-10-27 18:44:23;f66a74574f;;Alto
faoncp6otf4gbg9piu7ufaoncpbryz99;Alexander Gonçalves Feijó;36598416841;44518653-7;Casado;Alexander Feijó - Gran Monte Consultoria;23/07/2023;alexandergfeijo@gmail.com;Rua Dr Marino Costa Terra, 1000 Apartamento 106 Bloco 5. Condomínio Vila Verde Sabará. Cep 13567640;São Carlos -São Paulo;'+5516988182443;Gran Monte Consultoria;Sócio Fundador;Consultoria Financeira;Basicamente seria a necessidade de termos uma visão 360 da nova economia, uma vez que vivemos no mundo VUCA e tudo muda de maneira absurdamente rápida. Minha maior necessidade conseguir replicar nas empresas em que presto consultoria, o que tem de melhor no Brasil em termos de equity, M&A e finanças Corporativas;01 - 50;0 a 100 mil;https://www.linkedin.com/in/alexander-feij%C3%B3-5a64b4224/;Pessoa Física;;Meu objetivo é aprender a formatar as empresas com um passo a passo e os critérios que precisam para elas estarem prontas e aptas a captarem investimentos de terceiros (equity) ou até mesmo M&A. Quero também aprender como o investidor olha para as empresas e quais critérios eles poderão utilizar para escolher a melhor empresa para investir. A partir daí, quero dar consultoria para empresas e prepará-las do ponto de vista financeiro para atingir esse objetivo. Além disso, ficaria muito feliz em aprender a fazer o encontro entre essas empresas e esses investidores. Seria também muito interessante se eu conseguisse pavimentar um caminho para também levar para o João e a Bossa, empresas que eu estivesse fazendo consultorias e estivessem dentro do perfil ideal que ele acha conveniente investir.;1;completed;2023-10-26 21:26:41;;2023-10-26 22:11:24;bfbcbea3c3;;Baixo
n568gbqsi428idm8n568gb2dyxq1ee8q;Gualberto Rubens Lemaire Vicente Junior;36408668860;256046785;Casado;Junior Lemaire;11/02/1988;junior@onel.com.br;R. Bonnard, 157 - Ap 123 A - Alphaville - Barueri - SP - CEP 06465-134;Barueri - SP;'+5511974850998;OnEL;CEO;Oustourcing e Terceirização;Fechar contratos;01 - 50;10 milhões a 50 milhões;https://www.linkedin.com/in/junior-lemaire/;Pessoa Jurídica;11939225000124;Aumentar o Equity das minhas empresas;0;completed;2023-10-26 19:09:28;;2023-10-26 19:14:20;a15b4de531;;Médio
i16vzj8iddnpkki16nlzxqg5a9rrtdjh;Marcelo Holowacz Alves Menino;27848470806;30.110.535-2;Casado;Marcelo Menino;12/02/1979;drmarcelo@flemingsaude.com.br;Rua Anchieta 324 centro Jundiaí SP CEP 13201-804;Jundiaí / SP;'+5511999429001;LABORATÓRIO FLEMING (Flemingsaude.com.br);Diretor Comunicação e Marketing e Sócio Proprietário;Análises Clínica;Tenho nota 5.0 Google, com mais de 12 mil comentários. Com NPS de 94%. Só que sou uma região só (Jundiaí SP). Quero saber como expandir sem ser CLT;51 - 100;100 mil a 1 milhão;Não tenho (na pergunta anterior, não tinha alternativa pra 2 milhões);Pessoa Jurídica;00.084.042/0001-58;Me transforma em referência digital usando minha equipe, só que em um formato de Equity com stop option. (Além de abrir franquias com formato Equity) por isso estou indo eu e meu advogado. Para aprendermos muito com, na minha opinião, o melhor nesse assunto.;0;completed;2023-10-26 17:08:14;;2023-10-26 17:12:59;3c8f133e7b;;Médio
ebzch5vv2ki5q6r7uaebzch5m13us95v;Vinicius Amorim Santos;04821567407;2002006006684;Solteiro;Vinicius;20/01/1999;vinicius.amorim@protonmail.com;57035556;Maceió - Alagoas;'+5582993071514;Next Opinion;Gestor de projetos;Tech;Estruturação de processos e atuação dos sócios;01 - 50;acima de 10 Milhões;Não tenho;Pessoa Física;;;1;completed;2023-10-26 13:41:42;;2023-10-26 13:45:04;06b4272179;;Médio
djkc72ja5a2qr7dkzdjkc3ljtktgar0k;Phelippe Daou Neto;81366426215;21889171;Solteiro;Phelippe Daou Neto;03/02/1996;pdn@redeamazonica.com.br;"SQSW 305 Bloco H, apt 301
CEP: 70673428
Brasília, DF";Brasília, DF;'+5592984181440;Grupo Rede Amazônica;Diretor de Relações Institucionais;Rádio e Televisão;Diversificação do negócio, modelos de investimentos em startups;501 - 1000;Acima de 50 milhões.;https://www.linkedin.com/in/phelippe-daou-neto-299235186?utm_source=share&utm_campaign=share_via&utm_content=profile&utm_medium=ios_app;Pessoa Jurídica;;Novas maneiras de investir em empresas, entender mais sobre equity;1;completed;2023-10-26 11:00:09;;2023-10-26 11:04:36;df67fe072e;;Médio
o6nkprf84d5w674o3o6nkpjs21lnjde8;MARCOS CARVALHO ALMEIDA DE AGUIAR JUNIOR;01453371540;30539013;Casado;Júnior Aguiar;04121989;topledaracaju@gmail.com;Avenida São Paulo número 817 cep 49075530 Aracaju Sergipe;ARACAJU SERGIPE;'+5579996017645;LED DISTRIBUIDORA E IMPORTAÇÃO;Empreendedor;Veicular;Expansão;01 - 50;10 milhões a 50 milhões;Não tenho;;;Investimento em novas formas de negócio;1;completed;2023-10-26 10:07:45;;2023-10-26 10:10:56;92f94695d7;;Alto
lqxczt90sjphwpb90lqxczt3nfhaaybr;Jefferson Tarnowski;07025852970;105305303;Solteiro;Jefferson Tarnowski;20/03/1991;jefferson@siliconsolar.com.br;80430100;Curitiba, PR;'+5541998049797;Silicon;CEO;Energia e tecnologia;Qual o melhor momento para buscar por Private Equity? Como podemos melhorar nosso modelo de negócio? Como fortalecer a área de Inovação para acelerar o crescimento de maneira escalável?;51 - 100;Acima de 50 milhões.;https://www.linkedin.com/in/jefferson-t-49228477/;Pessoa Jurídica;36519537000100;"Um melhor entendimento sobre a fase da Empresa e possibilidades de escala através do Equity. Saber mais sobre o ""Smart"", do Smart money.";0;completed;2023-10-25 21:17:01;;2023-10-25 21:26:19;ceb06241d9;;Baixo
dld9p557lpvt3a647y2qzdld9p553mv1;Wellingtom rodrigues mendonca;23045766803;400318349;Solteiro;Elinho Mendonca;11/11/1988;elinhoblackblue@gmail.com;Rua atucuri n 272 apt 155;São Paulo;'+5511982283529;Mega outlet;Diretor;Varejo (loja de roupas ) textil;Contratações e preparação de pessoas;101 - 500;Acima de 50 milhões.;Não tenho;Pessoa Jurídica;44208334000201;Como valorizar mais minha empresa para uma futura venda;0;completed;2023-10-24 19:57:03;;2023-10-24 20:08:11;95bc26f8ad;;Médio
eqeu991bydfp84drtiaqeqeu958tzzdo;Cláudio Godinho berger;06526174841;14000686;Divorciado;Berger;26/05/65;claudioberger@me.com;Rua Edis Belo 388 cep 13331-736;Indiatuba Sp;'+5511985680020;Tintomatic Equipamentos;Director;Fabricacao de maquinas;Atualmente a grande dificuldade é sair da operação;01 - 50;10 milhões a 50 milhões;bergertechnik.com;Pessoa Jurídica;0785563500110;Quero sair da operação e deixar a empresa pronta para vender;1;completed;2023-10-23 18:04:56;;2023-10-23 18:13:50;6727b20191;;Baixo
u5iipc0pg1t58s4wzxu5iaqo75ym7rqi;Jessica Kirsner;29593289800;266886097;Casada;Jessica Kirsner;04/01/1981;jessica.kirsner@thermomatic.com;Rua Afonso Araujo Almeida, 215 São Paulo, SP. CEP: 04445-020;Sao Paulo;'+5511969107778;Thermomatic do Brasil Ltda;CEO;Equipamentos de HVAC;Pessoas;51 - 100;10 milhões a 50 milhões;Jessicakirsner;Pessoa Jurídica;04721842000193;Tudo que for possível e que eu ainda não tenha tido contato.;0;completed;2023-10-23 17:10:28;;2023-10-23 17:14:16;a91acb7ad0;;Alto
6z9zlkuabu6xcw06z9z4724vqwb9kjz1;Daniel Spinelli;91490561900;50287254;Divorciado;Daniel Spinelli;31/10/1972;daniel@maisps.com.br;"Rua Jovino do Rosário, 475 apto 203 Boa Vista
Curitiba / PR";Curitiba/PR;'+5541984025914;MaisPS;CEO;Desenvolvimento Humano para organizações;Estou montando um ecossistema de negócios e quero aprender como ativar de forma mais inteligente e escalável as frentes de negócio. Quero ampliar minha visão de possibilidades para a empresa crescer de forma sustentável e rentável. Estamos crescendo com capital próprio e acredito que podemos continuar desta forma. Esse seriam um bom caminho? quais seriam as alternativas? Ter um network de alto nível para troca de ideias e insights e quem sabe até negócios.;01 - 50;100 mil a 1 milhão;https://www.linkedin.com/in/daniel-spinelli/;Pessoa Jurídica;02.627.728/0001-73;Estabelecimento de ecossistema de negócios. Escalar o negócio. Identificação de oportunidades que eu não esteja vendo. Networking;1;completed;2023-10-22 23:30:21;;2023-10-22 23:42:01;c07bbe8996;;Médio
z5ezdb57m2sz5e1r0klc0vu3tv1r0kro;Vinicius Crivelaro;01013503929;83894652;Solteiro;Vinicius Crivelaro;19/11/1990;vtcrivelaro@gmail.com;Rua Pedro Corrêa da Cruz, 54 - São Braz - Curitiba/PR 82310-190;Curitiba/PR;'+5541998937476;Trilha do Futebol;Fundador;Futebol;Direcionamento;01 - 50;100 mil a 1 milhão;Vinicius Crivelaro;;;Aprender com quem já passou pela jornada para não continuar cometendo os mesmos erroa;1;completed;2023-10-19 22:20:41;;2023-10-19 22:24:10;2228b1ad7e;;Médio
33oomixu6h2z33ohskdpqssrpn8ghb2h;Sven von Borries;29918289864;33606679;Casado;Sven von Borries;27111981;sven.borries@thermomatic.com;Rua João de Paula Franco, 263;São Paulo, SP;'+5511972826600;Thermomatic do Brasil Ltda;CCO;Varejo e Indústria (controle de umidade);Mais conhecimento para tomar decisões e ações acertivas;51 - 100;acima de 10 Milhões;http://linkedin.com/in/svenborries;Pessoa Jurídica;04721842000193;Como avaliar equity, e relacionamentos;1;completed;2023-10-19 21:58:17;;2023-10-19 22:03:23;808fcb6197;;Alto
b6aa8thq7b0kk35wq3cssm1jffpmr0kk;Bruno Barreto Borges;01939616018;1090263573;Casado;Bruno B Borges;10081989;comercial@hubizb.com.br;88303340;Itajaí - SC;'+5554999578577;HubizB - Trust Group - Uniport;Diretor da HubizB e Comercial na Trust Group;Comercio exterior;Novos canais de vendas para escala;101 - 500;Acima de 50 milhões.;N;Pessoa Jurídica;N;Conexões e nova economia;1;completed;2023-10-19 13:16:21;;2023-10-19 13:23:36;5f870948fb;;Baixo
04rfcu7wlclc8c04rfd7omw8l1997uv1;CARLOS ROGERIO DE OLIVEIRA;55497950191;659853;CASADO;ROGERIO OLIVEIRA;06/10/1973;crogerioadv@gmail.com;Rua Copiuva, 77, residencial Damha 2, Campo Grande-MS, CEP 79.046.010;CAMPO GRANDE-MS;'+5567998510506;ABRAPS BOM BANK SOLUÇOES EM BENEFICIOS;DIRETOR;"BANCO DIGITAL; CARTÃO EM BENEFÍCIOS DE SAÚDE; STARTUPS; AGENCIA DE MARKETING DIGITAL";As principais são a de escalar as operações, e preparar para venda...;01 - 50;100 mil a 1 milhão;https://www.linkedin.com/in/carlos-rog%C3%A9rio-oliveira-9221798a?utm_source=share&utm_campaign=share_via&utm_content=profile&utm_medium=ios_app;Pessoa Física;;Entender melhor sobre equity, nova economia.;1;completed;2023-10-17 21:12:28;;2023-10-17 21:31:03;a99ac73bc5;;Alto
ln84yus2dtr55g3c2ln84yu0w2ha73v7;Jarbas Renato Bortolini;02573410994;3551229;Solteiro;Jarbas Renato;26/02/1979;renato.bortolini@rescycle.co;Rua Bela Cintra, 283 - Apto 54, Edif. RUCAL - Consolação, São Paulo/SP - CEP 01415-001;São Paulo / SP;'+5511956505955;RESCYCLE;CoFounder and COO;Aproveitamento de Residuos Complexos;Alavancar capital, Montar proposta de valor atrativa, Netwotking de Valor, Financiar gastos mensais;01 - 50;0 a 100 mil;Jarbas RENATO BORTOLINI;Pessoa Física;;Entender a Visão de Investidor, Desenvolver e Construir Networking, Como mostrar valor ao publico investidor.;1;completed;2023-10-17 19:34:08;;2023-10-17 19:41:51;9a27fe5248;;Médio
