id,nome,email,telefone,whatsapp,cidade,estado,cnpj,empresa,cargo,receita_anual,data_contato,qualidade_lead,receita_anual_formatado,nome_length,empresa_cargo_length,has_linkedin,has_email,has_whatsapp,cpf_valido,cnpj_valido_formato,phone_valido,phone_celular,phone_tem_codigo_pais,whats_valido,whats_celular,whats_tem_codigo_pais,has_whats_valido,has_whats_celular,has_whats_tem_codigo_pais,receita_anual_formatado_formatado,data_quality_score
2,Márcia Regina Pereira,márcia.regina.pereira@empresa82.com.br,+55 (71) 93356-8424,+55 (71) 94179-5269,São Luís,AL,16.112.770/8324-80,Empresa Sistemas Ltda,Gerente,2806339,2025-07-23,Alta,"R$ 2.806.339,00",21,21,0,1,1,0,1,1,1,1,1,1,1,0,0,0,"R$ 0,00",4
3,Paulo César Lima,paulo.cesar.lima@empresa28.com.br,+55 (92) 99624-7884,,Manaus,PI,65.999.201/9069-70,Empresa Serviços ME,Analista,4230087,2025-02-05,Alta,"R$ 4.230.087,00",16,19,0,1,0,0,1,1,1,1,0,0,0,0,0,0,"R$ 0,00",3
4,Sérgio Luís Gomes,sergio.luis.gomes@empresa33.com.br,+55 (64) 96068-8670,+55 (62) 99111-4821,Goiânia,RN,28.400.917/5554-04,Empresa Tech Ltda,Analista,1616433,2024-10-12,Baixa,"R$ 1.616.433,00",17,17,0,1,1,0,1,1,1,1,1,1,1,0,0,0,"R$ 0,00",4
5,Fábio Alexandre Costa,fábio.alexandre.costa@empresa6.com.br,+55 (21) 92276-5851,+55 (22) 92800-8819,Rio de Janeiro,MT,09.600.892/3640-90,Empresa Solutions Ltda,Diretor,2311063,2025-06-12,Alta,"R$ 2.311.063,00",21,22,0,1,1,0,1,1,1,1,1,1,1,0,0,0,"R$ 0,00",4
6,Luciane Cristina Pinto,luciane.cristina.pinto@empresa54.com.br,+55 (97) 90113-3306,+55 (97) 94120-8939,Manaus,MG,05.711.510/1266-15,Empresa Solutions S.A.,Assistente,4339534,2024-10-05,Alta,"R$ 4.339.534,00",22,22,0,1,1,0,1,1,1,1,1,1,1,0,0,0,"R$ 0,00",4
8,Valéria Cristine Souza,valeria.cristine.souza@empresa100.com.br,+55 (87) 5836-2025,+55 (81) 96667-8709,Recife,MG,36.791.361/8736-59,Empresa Consultoria S.A.,Gerente,4286136,2025-05-28,Alta,"R$ 4.286.136,00",22,24,0,1,1,0,1,1,0,1,1,1,1,0,0,0,"R$ 0,00",4
11,Mônica Regina Dias,mônica.regina.dias@empresa17.com.br,+55 (51) 93677-2509,+55 (62) 5689-3013,Porto Alegre,PA,27.035.462/7946-52,Empresa Serviços ME,Supervisor,1910070,2024-12-13,Baixa,"R$ 1.910.070,00",18,19,0,1,1,0,1,1,1,1,1,0,1,0,0,0,"R$ 0,00",4
17,Rodrigo José Nunes,rodrigo.jose.nunes@empresa49.com.br,+55 (88) 92996-7051,,Fortaleza,CE,35.697.358/9707-27,Empresa Sistemas Ltda,Supervisor,1793680,2025-04-11,Alta,"R$ 1.793.680,00",18,21,0,1,0,0,1,1,1,1,0,0,0,0,0,0,"R$ 0,00",3
18,Rodrigo José Nunes,rodrigo.jose.nunes@empresa1.com.br,+55 (45) 95659-0208,,Curitiba,PB,99.360.541/7268-06,Empresa Solutions ME,Supervisor,2507400,2024-10-29,Alta,"R$ 2.507.400,00",18,20,0,1,0,0,1,1,1,1,0,0,0,0,0,0,"R$ 0,00",3
19,Luciane Cristina Pinto,luciane.cristina.pinto@empresa77.com.br,+55 (42) 3946-2972,+55 (46) 98433-4921,Curitiba,RN,21.150.664/9238-17,Empresa Serviços EIRELI,Coordenador,2382400,2025-06-01,Alta,"R$ 2.382.400,00",22,23,0,1,1,0,1,1,0,1,1,1,1,0,0,0,"R$ 0,00",4
20,Mônica Regina Dias,mônica.regina.dias@empresa85.com.br,+55 (61) 96779-4428,+55 (61) 91303-4972,Brasília,PA,34.294.480/7204-16,Empresa Tech Ltda,Supervisor,758841,2024-08-24,Alta,"R$ 758.841,00",18,17,0,1,1,0,1,1,1,1,1,1,1,0,0,0,"R$ 0,00",4
22,Mônica Regina Dias,mônica.regina.dias@empresa45.com.br,+55 (62) 7871-4314,+55 (21) 83426-115,Duque de Caxias,MT,28.650.024/3896-49,Empresa Solutions ME,Diretor,249217,2025-03-03,Baixa,"R$ 249.217,00",18,20,0,1,0,0,1,1,0,1,0,0,1,0,0,0,"R$ 0,00",3
23,Fábio Alexandre Costa,fábio.alexandre.costa@empresa74.com.br,+55 (61) 96598-0521,+55 (61) 97605-7664,Brasília,SC,58.983.236/1547-25,Empresa Consultoria Ltda,Analista,3996645,2024-11-29,Alta,"R$ 3.996.645,00",21,24,0,1,1,0,1,1,1,1,1,1,1,0,0,0,"R$ 0,00",4
24,Fátima Aparecida Moura,fátima.aparecida.moura@empresa43.com.br,+55 (34) 92370-5204,+55 (31) 17425-230,Belo Horizonte,RJ,55.218.479/4224-65,Empresa Serviços Ltda,Assistente,4864820,2024-12-01,Baixa,"R$ 4.864.820,00",22,21,0,1,0,0,1,1,1,1,0,0,1,0,0,0,"R$ 0,00",3
25,Carlos Eduardo Ferreira,carlos.eduardo.ferreira@empresa40.com.br,+55 (61) 5590-6459,+55 (11) 94294-1481,Belém,PB,75.727.438/6843-68,Empresa Serviços Ltda,Gerente,2257285,2025-06-26,Baixa,"R$ 2.257.285,00",23,21,0,1,1,0,1,1,0,1,1,1,1,0,0,0,"R$ 0,00",4
27,Luciane Cristina Pinto,luciane.cristina.pinto@empresa36.com.br,+55 (85) 97285-0574,+558879740618,Fortaleza,PR,04.789.195/9723-07,Empresa Tech Ltda,Gerente,1599396,2025-05-09,Alta,"R$ 1.599.396,00",22,17,0,1,1,0,1,1,1,1,1,0,1,0,0,0,"R$ 0,00",4
28,Luís Fernando Cardoso,luis.fernando.cardoso@empresa92.com.br,+55 (97) 90009-2958,,Manaus,RS,09.703.517/7413-91,Empresa Solutions Ltda,Coordenador,2690861,2024-10-22,Alta,"R$ 2.690.861,00",21,22,0,1,0,0,1,1,1,1,0,0,0,0,0,0,"R$ 0,00",3
30,Rodrigo José Nunes,rodrigo.jose.nunes@empresa21.com.br,+55 (62) 94568-8160,+55 (21) 98805-0293,Maceió,AM,73.704.192/1485-03,Empresa Solutions S.A.,Analista,899355,2025-02-13,Alta,"R$ 899.355,00",18,22,0,1,1,0,1,1,1,1,1,1,1,0,0,0,"R$ 0,00",4
32,Fábio Alexandre Costa,fábio.alexandre.costa@empresa94.com.br,+55 (21) 90494-2260,+55 (22) 96602-6391,Rio de Janeiro,DF,19.298.204/9108-00,Empresa Sistemas Ltda,Diretor,1200847,2024-08-21,Baixa,"R$ 1.200.847,00",21,21,0,1,1,0,1,1,1,1,1,1,1,0,0,0,"R$ 0,00",4
33,Simone Aparecida Rocha,simone.aparecida.rocha@empresa92.com.br,+55 (15) 99267-0126,+55 (16) 92534-416,São Paulo,MT,05.509.192/7989-71,Empresa Serviços S.A.,Gerente,1869604,2024-11-08,Alta,"R$ 1.869.604,00",22,21,0,1,0,0,1,1,1,1,0,0,1,0,0,0,"R$ 0,00",3
34,Maria José Santos,maria.jose.santos@empresa76.com.br,+55 (77) 99019-2927,+55 (73) 95202-8446,Salvador,BA,87.447.621/3390-20,Empresa Sistemas Ltda,Supervisor,4508330,2025-06-15,Baixa,"R$ 4.508.330,00",17,21,0,1,1,0,1,1,1,1,1,1,1,0,0,0,"R$ 0,00",4
35,Carlos Eduardo Ferreira,carlos.eduardo.ferreira@empresa11.com.br,+55 (73) 94335-3838,+55 (71) 92708-4355,Salvador,DF,72.693.537/2548-80,Empresa Solutions ME,Diretor,4595121,2025-05-26,Baixa,"R$ 4.595.121,00",23,20,0,1,1,0,1,1,1,1,1,1,1,0,0,0,"R$ 0,00",4
37,Márcio Antônio Silva,márcio.antônio.silva@empresa18.com.br,+55 (11) 93506-7863,+55 (71) 8604-3255,São Gonçalo,MT,33.023.741/1511-96,Empresa Tech Ltda,Analista,2753642,2025-06-06,Baixa,"R$ 2.753.642,00",20,17,0,1,1,0,1,1,1,1,1,0,1,0,0,0,"R$ 0,00",4
39,Paulo César Lima,paulo.cesar.lima@empresa88.com.br,+55 (97) 93295-7225,+55 (92) 7934-7833,Manaus,SC,72.622.781/5471-07,Empresa Sistemas Ltda,Analista,1177471,2024-08-19,Alta,"R$ 1.177.471,00",16,21,0,1,1,0,1,1,1,1,1,0,1,0,0,0,"R$ 0,00",4
40,Fábio Alexandre Costa,fábio.alexandre.costa@empresa70.com.br,+55 (75) 95158-4346,+55 (74) 99510-7823,Salvador,PA,51.858.044/7790-98,Empresa Serviços ME,Diretor,414757,2025-04-07,Baixa,"R$ 414.757,00",21,19,0,1,1,0,1,1,1,1,1,1,1,0,0,0,"R$ 0,00",4
44,Antônio Carlos Almeida,antônio.carlos.almeida@empresa26.com.br,+55 (92) 93815-5329,,Manaus,CE,88.056.049/2427-04,Empresa Solutions S.A.,Assistente,1610006,2024-10-18,Baixa,"R$ 1.610.006,00",22,22,0,1,0,0,1,1,1,1,0,0,0,0,0,0,"R$ 0,00",3
45,Simone Aparecida Rocha,simone.aparecida.rocha@empresa35.com.br,+556189095002,,Brasília,PR,24.769.696/4164-44,Empresa Sistemas EIRELI,Coordenador,3994489,2024-12-10,Baixa,"R$ 3.994.489,00",22,23,0,1,0,0,1,1,0,1,0,0,0,0,0,0,"R$ 0,00",3
46,José da Silva,jose.da.silva@empresa56.com.br,+55 (61) 99281-3352,,Brasília,AL,23.602.199/5074-57,Empresa Consultoria ME,Diretor,2331805,2025-01-15,Alta,"R$ 2.331.805,00",13,22,0,1,0,0,1,1,1,1,0,0,0,0,0,0,"R$ 0,00",3
47,André Luís Martins,andre.luis.martins@empresa2.com.br,+55 (61) 2282-6133,+55 (62) 5706-1977,Duque de Caxias,BA,23.579.030/3336-89,Empresa Consultoria S.A.,Assistente,1230878,2024-09-15,Alta,"R$ 1.230.878,00",18,24,0,1,1,0,1,1,0,1,1,0,1,0,0,0,"R$ 0,00",4
48,Carlos Eduardo Ferreira,carlos.eduardo.ferreira@empresa98.com.br,+55 (87) 94894-5376,+55 (87) 93158-7793,Recife,MA,41.101.546/0532-36,Empresa Sistemas S.A.,Analista,1527021,2025-04-27,Alta,"R$ 1.527.021,00",23,21,0,1,1,0,1,1,1,1,1,1,1,0,0,0,"R$ 0,00",4
49,Mônica Regina Dias,mônica.regina.dias@empresa67.com.br,+55 (46) 91222-0018,+55 (45) 98488-4035,Curitiba,RN,37.595.828/6783-67,Empresa Consultoria Ltda,Coordenador,2179031,2025-06-08,Alta,"R$ 2.179.031,00",18,24,0,1,1,0,1,1,1,1,1,1,1,0,0,0,"R$ 0,00",4
